<?xml version="1.0" encoding="UTF-8" ?>
<!DOCTYPE configuration PUBLIC "-//mybatis.org//DTD Config 3.0//EN"
"http://mybatis.org/dtd/mybatis-3-config.dtd">
<configuration>
	<!-- mybatis别名定义 -->
    <typeAliases> 
        <typeAlias alias="User" type="com.mybatis.test.User"/> 
    </typeAliases> 

    <environments default="development">
     <environment id="development">
       <transactionManager type="JDBC">
         <property name="" value=""/>
       </transactionManager>
       <dataSource type="UNPOOLED">
         <property name="driver" value="com.mysql.jdbc.Driver"/>
         <property name="url" value="jdbc:mysql://127.0.0.1:3306/micro_message?characterEncoding=utf8"/>
         <property name="username" value="root"/>
         <property name="password" value="123456"/>
       </dataSource>
     </environment>
   </environments>
    
    <!-- mybatis的mapper文件，每个xml配置文件对应一个接口 -->
    <mappers>
        <mapper resource="com/mybatis/test/User.xml"/>
    </mappers>
    
    <!-- sql脚本
    DROP TABLE IF EXISTS `user`;
    CREATE TABLE `user` (
    `id` int(11) NOT NULL AUTO_INCREMENT,
    `userName` varchar(50) DEFAULT NULL,
    `userAge` int(11) DEFAULT NULL,
    `userAddress` varchar(200) DEFAULT NULL,
    PRIMARY KEY (`id`)
    ) ENGINE=InnoDB AUTO_INCREMENT=6 DEFAULT CHARSET=utf8;
    
    INSERT INTO `user` VALUES ('1', 'summer', '30', 'shanghai');
    INSERT INTO `user` VALUES ('2', 'test2', '22', 'suzhou');
    INSERT INTO `user` VALUES ('3', 'test1', '29', 'some place');
    INSERT INTO `user` VALUES ('4', 'lu', '28', 'some place');
    INSERT INTO `user` VALUES ('5', 'xiaoxun', '27', 'nanjing');
     -->
     
</configuration>
