<?xml version="1.0" encoding="UTF-8" ?>

<!DOCTYPE configuration
    PUBLIC "-//mybatis.org//DTD Config 3.0//EN"
    "http://mybatis.org/dtd/mybatis-3-config.dtd">

<configuration>
  
  <environments default="development">
    <environment id="development">
      <transactionManager type="JDBC">
        <property name="" value=""/>
      </transactionManager>
      <dataSource type="UNPOOLED">
        <property name="driver" value="com.mysql.jdbc.Driver"/>
        <property name="url" value="jdbc:mysql://127.0.0.1:3306/micro_message?characterEncoding=utf8"/>
        <property name="username" value="root"/>
        <property name="password" value="123456"/>
      </dataSource>
    </environment>
  </environments>
  
  <!-- 
  DROP TABLE IF EXISTS `message`;
  CREATE TABLE `message` (
  `id` int(11) NOT NULL AUTO_INCREMENT,
  `command` varchar(16) NOT NULL,
  `description` varchar(32) NOT NULL,
  `content` varchar(255) NOT NULL,
  PRIMARY KEY (`id`)
) ENGINE=InnoDB AUTO_INCREMENT=26 DEFAULT CHARSET=utf8;
   -->
  
  <mappers>
    <mapper resource="com/scu/config/sqlxml/Message.xml"/>
  </mappers>


</configuration>